Round,SecondsIntoRound,SecondsLastRoundAction,Time,cmTotHitsR-M,cmTotHitsL-M,cmTotHitsM-M,Hits-Recvd-M,Hits-Lnd-M,Hits-Mssd-M,cmTotHitsR-T,cmTotHitsL-T,cmTotHitsM-T,Hits-Recvd-T,Hits-Lnd-T,Hits-Mssd-T,MasvidalFighterActionReactions,TillFightersActionsReactions,notes
1,1,1,5:00,0,0,0,0,0,0,0,0,0,0,0,0,runs in for low kick immediately,0,"liverpool, England and Till (south paw) is the favorite, Masvidal (orthodox-switches) is boo'd and welcomes it, crowd sings some UK theme song most of fight and before"
1,4,4,4:57,0,0,0,0,0,0,0,0,0,0,0,0,lands illegal groin kick,referee pauses fight 30 seconds to regain,
1,12,8,4:49,1,0,0,1,0,0,0,1,0,0,1,0,receives head shot,lands left hit to head,
1,13,1,4:48,1,0,0,0,0,0,0,1,0,0,0,0,drops to ground,0,
1,20,8,4:41,1,0,0,0,0,0,0,1,0,0,0,0,still on the ground,overpowering on top,
1,37,17,4:24,1,0,0,0,0,0,0,1,0,0,0,0,have been wrestling for power,dominates on top,
1,41,4,4:20,2,0,0,1,0,0,0,2,0,0,1,0,0,lands R knee to face,
1,42,5,4:19,2,0,0,0,0,0,0,2,0,0,0,0,both stand,both standing,
1,44,2,4:17,2,0,1,0,0,1,0,2,0,0,0,0,misses R mt kick,0,
1,46,2,4:15,3,0,1,1,0,0,0,3,0,0,1,0,0,lands L mt kick to R body,
1,48,4,4:13,3,0,2,0,0,1,0,3,0,0,0,0,misses L head shot,0,
1,49,1,4:12,3,2,2,0,2,0,2,3,0,2,0,0,"lands R overhead/hook to head, lands 2nd short R jab to head",0,
1,50,1,4:11,3,2,3,0,0,1,2,3,0,0,0,0,misses R mt kick to head,0,
1,55,5,4:06,3,3,3,0,1,0,3,3,0,1,0,0,Lands R mt kick low leg,receives R low leg inside kick,
1,63,8,3:58,3,3,4,0,0,1,3,3,0,0,0,0,misses R mt kick to body,blocks R mt kick to body,
1,66,2,3:55,4,3,4,1,0,0,3,4,0,0,1,0,drops to ground,takes down with leg block,
1,67,1,3:54,4,4,4,0,1,0,4,4,0,1,0,0,lands ground kick up to R leg w L leg,0,
1,70,3,3:51,4,4,4,0,0,0,4,4,0,0,0,0,wrestling for dominance on bottom,not in guard,
1,80,10,3:41,4,4,4,0,0,0,4,4,0,0,0,0,still on the ground,"on top, not getting guard",
1,81,11,3:40,4,4,4,0,0,0,4,4,0,0,0,0,"keeping Till's hands,head,arms close",0,
1,84,14,3:37,4,6,4,0,2,0,6,4,0,2,0,0,"lands R hit to chin from ground, lands L push kick from ground",blocks L kick to body,
1,85,1,3:36,4,6,4,0,0,0,6,4,0,0,0,0,both stand,0,
1,94,10,3:27,4,7,4,0,1,0,7,4,0,1,0,0,Lands R mt kick low leg,receives R low leg inside kick,
1,95,1,3:26,4,8,4,0,1,0,8,4,0,1,0,0,lands R mt kick to L arm,blocks R mt kick to body,
1,110,16,3:11,4,8,5,0,0,1,8,4,0,0,0,0,misses L jab,0,
1,120,10,3:01,4,8,5,0,0,0,8,4,1,0,0,1,0,misses R jab,
1,122,2,2:59,4,8,6,0,0,1,8,4,1,0,0,0,misses R mt kick to R inside leg,0,
1,129,7,2:52,4,8,7,0,0,1,8,4,1,0,0,0,misses R overhead hit to head,0,
1,133,4,2:48,4,8,9,0,0,2,8,4,1,0,0,0,"misses R mt kick to body, misses R overhead hit to head",0,
1,137,4,2:44,4,8,9,0,0,0,8,4,1,0,0,0,attempts take down of R leg grab,0,
1,138,1,2:43,4,8,9,0,0,0,8,4,1,0,0,0,holding R leg standing,0,
1,139,1,2:42,4,9,10,0,1,1,9,4,1,1,0,0,"lands L overhead/hook to head, misses 2nd short L jab to head",0,
1,140,1,2:41,4,9,11,0,0,1,9,4,1,0,0,0,misses R uppercut to chin,0,
1,143,4,2:38,4,9,12,0,0,1,9,4,1,0,0,0,misses L jab backing up,0,
1,147,4,2:34,4,9,13,0,0,1,9,4,1,0,0,0,misses R mt kick to low leg,0,
1,153,6,2:28,5,9,13,1,0,0,9,5,2,0,1,1,0,"misses R jab, lands L shot to face",
1,157,4,2:24,5,10,13,0,1,0,10,5,3,1,0,1,"Lands L jab to face, misses R hook to body",misses L power shot to face,
1,169,12,2:12,5,10,14,0,0,1,10,5,4,0,0,1,misses R elbow to face,misses L powershot to head,
1,172,3,2:09,5,10,14,0,0,0,10,5,5,0,0,1,0,misses R jab to head,
1,173,1,2:08,5,10,14,0,0,0,10,5,6,0,0,1,0,misses L power shot to head,
1,180,8,2:01,5,10,16,0,0,2,10,5,6,0,0,0,"misses R jab, misses R hook to head",0,
1,192,12,1:49,5,10,17,0,0,1,10,5,6,0,0,0,misses L jab to head,0,
1,195,3,1:46,5,10,17,0,0,0,10,5,7,0,0,1,0,"misses R jab, misses L cross to head",
1,205,10,1:36,6,10,17,1,0,0,10,6,7,0,1,0,grabs L leg with R arm,Lands L mt kick to body,
1,206,1,1:35,6,11,18,0,1,1,11,6,7,1,0,0,"misses L jab to head, lands R mt kick to R low leg",0,
1,234,28,1:07,6,11,19,0,0,1,11,6,7,0,0,0,misses R overhead hit to head forward stepping,0,
1,235,1,1:06,6,12,19,0,1,0,12,6,7,1,0,0,lands L hook to chin,0,
1,238,3,1:03,6,12,20,0,0,1,12,6,7,0,0,0,misses R mt kick to body,0,
1,245,7,0:56,6,13,20,0,1,0,13,6,7,1,0,0,lands L hook to chin,0,
1,250,5,0:51,6,13,20,0,0,0,13,6,8,0,0,1,0,misses R jab to face,
1,251,1,0:50,6,13,20,0,0,0,13,6,9,0,0,1,0,misses L cross to face,
1,255,4,0:46,6,13,20,0,0,0,13,6,11,0,0,2,0,"misses R jab, misses L cross to face",
1,263,8,0:38,7,13,20,1,0,0,13,7,11,0,1,0,0,lands body clinch,
1,264,1,0:37,7,13,20,0,0,0,13,7,11,0,0,0,locks arms of Till in clinch,0,
1,284,20,0:17,7,14,20,0,1,0,14,7,11,1,0,0,"lands R hit to body, breaks apart clinch",0,
1,287,3,0:14,8,14,20,1,0,0,14,8,11,0,1,0,0,lands L hook to face as he ducks L cross,
1,293,6,0:08,8,14,22,0,0,2,14,8,11,0,0,0,"misses R overhead, misses L hook to head",0,
1,298,5,0:03,8,14,23,0,0,1,14,8,11,0,0,0,misses R mt kick to body,0,
2,10,12,4:52,0,0,0,0,0,0,0,0,0,0,0,2,0,"misses L jab, misses L jab",
2,16,6,4:46,0,1,0,0,1,0,1,0,0,1,0,0,lands R mt kick to low leg,misses L cross,
2,18,2,4:44,1,1,0,1,0,0,1,1,0,0,1,0,0,Lands R jab to face,
2,20,2,4:42,1,1,1,0,0,1,1,1,0,0,0,0,misses R overhead,0,
2,21,1,4:41,1,2,1,0,1,0,2,1,0,1,0,0,lands R mt kick to body,0,
2,26,5,4:36,1,2,2,0,0,1,2,1,1,0,0,1,misses L hook to face,misses L cross to face,
2,38,12,4:24,1,2,3,0,0,1,2,1,1,0,0,0,misses R mt kick to R low leg,0,
2,40,2,4:22,1,2,5,0,0,2,2,1,1,0,0,0,"misses L jab, misses R cross to face","blocks R cross, finger scratches M's L eye with block",
2,42,2,4:20,1,2,5,0,0,0,2,1,1,0,0,0,referee pause 30 sec. for injury of Masvidal's L eye earlier,0,
2,44,4,4:18,1,2,7,0,0,2,2,1,1,0,0,0,"misses L jab, misses R cross to face",0,
2,47,3,4:15,1,3,7,0,1,0,3,1,1,1,0,0,lands running double leg take down,0,
2,52,5,4:10,1,3,7,0,0,0,3,1,1,0,0,0,dominates back,attempts standing up,
2,56,4,4:06,2,3,7,1,0,0,3,2,1,0,1,0,0,lands clinch after standing,
2,66,10,3:56,2,3,7,0,0,0,3,2,1,0,0,0,0,"dominating clinch, double arm grab",
2,80,14,3:42,2,4,7,0,1,0,4,2,1,1,0,0,breaks clinch,0,
2,86,6,3:36,3,4,8,1,0,1,4,3,1,0,1,0,misses R overhead to face,lands R push kick to body,
2,91,5,3:31,4,4,8,1,0,0,4,4,1,0,1,0,0,lands R mt kick to L outer leg,
2,103,12,3:19,4,4,8,0,0,0,4,4,2,0,0,1,0,misses R jab to face,
2,107,4,3:15,4,4,9,0,0,1,4,4,2,0,0,0,misses L mt kick to R outer leg,0,
2,112,5,3:10,4,5,10,0,1,1,5,4,2,1,0,0,"misses R overhead, lands R power to face",0,
2,123,11,2:59,5,5,11,1,0,1,5,5,2,0,1,0,misses R elbow to face,lands R jab to face,
2,125,2,2:57,5,5,12,0,0,1,5,5,2,0,0,0,misses R mt kick to body,0,
2,130,5,2:52,5,5,13,0,0,1,5,5,2,0,0,0,misses R to body,0,
2,138,8,2:44,5,6,13,0,1,0,6,5,2,1,0,0,lands R mt kick to upper R inside leg,0,
2,151,13,2:31,5,6,13,0,0,0,6,5,3,0,0,1,0,"misses L cross to face, ",
2,154,3,2:28,5,7,13,0,1,0,7,5,3,1,0,0,lands L hook to chin,0,
2,156,2,2:26,5,8,13,0,1,0,8,5,3,1,0,0,L R mt kick to L body,0,
2,163,7,2:19,5,8,13,0,0,0,8,5,4,0,0,1,0,misses L cross to face,
2,167,4,2:15,6,8,13,1,0,0,8,6,5,0,1,1,0,"lands R jab to face, misses L cross to face",
2,179,12,2:03,6,8,14,0,0,1,8,6,5,0,0,0,misses R low push kick,0,
2,182,3,2:00,6,9,15,0,1,1,9,6,5,1,0,0,"misses R overhead to face, lands L hook to head",0,
2,183,1,1:59,6,9,15,0,0,0,9,6,5,0,0,0,0,drops to ground,
2,185,3,1:57,6,10,15,0,1,0,10,6,5,1,0,0,lands L downward puch squatting above unconsious Till,referree stops fight,
2,190,0,0:00,6,10,15,0,0,0,10,6,5,0,0,0,0,Till unconsious with referee and physician,
